,chembl_ids,IC50s,SMILES
14,CHEMBL348798,0.002,CC(C)c1c(CC[C@@H](O)C[C@@H](O)CC(=O)[O-])c(-c2ccc(F)cc2)cn1C(C)C.[Na+]
13,CHEMBL162642,0.014,CC(C)c1c(/C=C/[C@@H](O)C[C@@H](O)CC(=O)[O-])c(-c2ccc(F)cc2)cn1-c1ccccc1.[Na+]
15,CHEMBL159951,0.018,CC(C)c1c(CC[C@@H](O)C[C@@H](O)CC(=O)[O-])c(-c2ccc(F)cc2)cn1C1CCCCC1.[Na+]
12,CHEMBL503,0.05,CC[C@H](C)C(=O)O[C@H]1C[C@@H](C)C=C2C=C[C@H](C)[C@H](CC[C@@H]3C[C@@H](O)CC(=O)O3)[C@H]21
21,CHEMBL160102,0.05,CC(C)c1c(/C=C/[C@@H](O)C[C@@H](O)CC(=O)[O-])c(-c2ccc(F)cc2)cn1C(C)C.[Na+]
217,CHEMBL1477,0.085,COCc1c(C(C)C)nc(C(C)C)c(/C=C/[C@@H](O)C[C@@H](O)CC(=O)O)c1-c1ccc(F)cc1
20,CHEMBL2375155,0.106,CC(C)c1c(/C=C/[C@H](O)C[C@@H](O)CC(=O)[O-])c(-c2ccc(F)cc2)cn1C1CCCCC1.[Na+]
150,CHEMBL400874,0.2,CC(C)n1c(CC[C@@H](O)C[C@@H](O)CC(=O)[O-])c(-c2ccc(F)cc2)c(-c2ccccc2)c1C(=O)NCc1ccc(C#N)cc1.[Na+]
214,CHEMBL1487,0.227,CC(C)c1c(C(=O)Nc2ccccc2)c(-c2ccccc2)c(-c2ccc(F)cc2)n1CC[C@@H](O)C[C@@H](O)CC(=O)O
19,CHEMBL163277,0.27,Cc1c(CC[C@@H](O)C[C@@H](O)CC(=O)[O-])c(-c2ccc(F)cc2)cn1C(C)C.[Na+]
123,CHEMBL228955,0.3,CC(C)n1c(CC[C@@H](O)C[C@@H](O)CC(=O)[O-])c(-c2ccc(F)cc2)c2c1C(=O)N(c1ccccc1)CCC2.[Na+]
155,CHEMBL437774,0.3,CC(C)n1c(CC[C@@H](O)C[C@@H](O)CC(=O)[O-])c(-c2ccc(F)cc2)c(-c2ccccc2)c1C(=O)Nc1ccc(C(=O)O)cc1.[Na+]
158,CHEMBL250317,0.3,CC(C)n1c(CC[C@@H](O)C[C@@H](O)CC(=O)[O-])c(-c2ccc(F)cc2)c(-c2ccccc2)c1C(=O)Nc1ccc(C(N)=O)cc1.[Na+]
159,CHEMBL399773,0.3,CC(C)n1c(CC[C@@H](O)C[C@@H](O)CC(=O)[O-])c(-c2ccc(F)cc2)c(-c2ccc(F)cc2)c1C(=O)Nc1cccc(C(=O)N(C)C)c1.[Na+]
215,CHEMBL2220442,0.353,CC(C)n1c(/C=C/C(O)CC(O)CC(=O)O)c(-c2ccc(F)cc2)c2ccccc21
160,CHEMBL400973,0.4,CC(C)n1c(CC[C@@H](O)C[C@@H](O)CC(=O)[O-])c(-c2ccc(F)cc2)c(-c2ccccc2)c1C(=O)Nc1ccc(O)cc1.[Na+]
31,CHEMBL102168,0.5,CC(C)c1cc(Sc2ccc(F)cc2)cc(-c2ccc(F)cc2)c1OCC(O)C[C@@H](O)CC(=O)[O-].[Na+]
22,CHEMBL161829,0.57,Cc1c(CC[C@@H](O)C[C@@H](O)CC(=O)[O-])c(-c2ccc(F)cc2)c(C)n1-c1ccccc1.[Na+]
144,CHEMBL398551,0.6,Cc1cc(CNC(=O)c2c(-c3ccccc3)c(-c3ccc(F)cc3)c(CC[C@@H](O)C[C@@H](O)CC(=O)[O-])n2C(C)C)nn1C.[Na+]
161,CHEMBL400747,0.7,CC(C)n1c(CC[C@@H](O)C[C@@H](O)CC(=O)[O-])c(-c2ccc(F)cc2)c(-c2ccc(F)cc2)c1C(=O)Nc1cccc(O)c1.[Na+]
152,CHEMBL250749,0.7,COCc1ccc(CNC(=O)c2c(-c3ccccc3)c(-c3ccc(F)cc3)c(CC[C@@H](O)C[C@@H](O)CC(=O)[O-])n2C(C)C)cc1.[Na+]
154,CHEMBL399313,0.8,CC(C)n1c(CC[C@@H](O)C[C@@H](O)CC(=O)[O-])c(-c2ccc(F)cc2)c(-c2ccccc2)c1C(=O)NCc1ccccc1.[Na+]
145,CHEMBL398240,0.8,CC(C)n1c(CC[C@@H](O)C[C@@H](O)CC(=O)[O-])c(-c2ccc(F)cc2)c(-c2ccccc2)c1C(=O)NCc1ccccn1.[Na+]
153,CHEMBL249724,0.8,COc1ccc(CNC(=O)c2c(-c3ccccc3)c(-c3ccc(F)cc3)c(CC[C@@H](O)C[C@@H](O)CC(=O)[O-])n2C(C)C)cc1.[Na+]
18,CHEMBL2375156,0.83,Cc1c(/C=C/[C@H](O)C[C@@H](O)CC(=O)[O-])c(-c2ccc(F)cc2)cn1-c1ccccc1.[Na+]
273,CHEMBL1064,0.9,CCC(C)(C)C(=O)O[C@H]1C[C@@H](C)C=C2C=C[C@H](C)[C@H](CC[C@@H]3C[C@@H](O)CC(=O)O3)[C@H]21
252,CHEMBL3963593,1.0,CC(C)OC1C[C@@H](OCc2ccccc2)C[C@H](/C=C/c2c(-c3ccc(F)cc3)nc(N(C)S(C)(=O)=O)nc2C(C)C)O1
257,CHEMBL3985556,1.0,CC(C)c1nc(N(C)S(C)(=O)=O)nc(-c2ccc(F)cc2)c1/C=C/[C@H]1C[C@H](O)CC(Oc2c(F)cc(F)cc2F)O1
149,CHEMBL249906,1.2,CC(C)n1c(CC[C@@H](O)C[C@@H](O)CC(=O)[O-])c(-c2ccc(F)cc2)c(-c2ccccc2)c1C(=O)NCc1cccc(C(N)=O)c1.[Na+]
148,CHEMBL251499,1.2,CC(C)n1c(CC[C@@H](O)C[C@@H](O)CC(=O)[O-])c(-c2ccc(F)cc2)c(-c2ccccc2)c1C(=O)NCc1ccc(C(=O)N(C)C)cc1.[Na+]
157,CHEMBL403127,1.4,CC(C)n1c(CC[C@@H](O)C[C@@H](O)CC(=O)[O-])c(-c2ccc(F)cc2)c(-c2ccccc2)c1C(=O)Nc1ccc(C(=O)N(C)C)cc1.[Na+]
146,CHEMBL398239,1.5,Cc1csc(CNC(=O)c2c(-c3ccccc3)c(-c3ccc(F)cc3)c(CC[C@@H](O)C[C@@H](O)CC(=O)[O-])n2C(C)C)n1.[Na+]
134,CHEMBL389002,1.8,CC(C)n1c(CC[C@@H](O)C[C@@H](O)CC(=O)O)c(-c2ccc(F)cc2)c(-c2ccc(F)cc2)c1C(=O)Nc1ccccc1
33,CHEMBL318707,1.8,CC(C)c1cc(-c2ccc(F)cc2)c(OCC2C[C@@H](O)CC(=O)O2)c(C(C)C)c1
162,CHEMBL394937,1.8,CC(C)n1c(CC[C@@H](O)C[C@@H](O)CC(=O)[O-])c(-c2ccc(F)cc2)c(-c2ccccc2)c1C(=O)Nc1ccccc1.[Na+]
151,CHEMBL399315,1.8,COc1cccc(CNC(=O)c2c(-c3ccccc3)c(-c3ccc(F)cc3)c(CC[C@@H](O)C[C@@H](O)CC(=O)[O-])n2C(C)C)c1.[Na+]
131,CHEMBL228528,1.9,CC(C)n1c(CC[C@@H](O)C[C@@H](O)CC(=O)[O-])c(-c2ccc(F)cc2)c2c3ccccc3n(-c3cccc(F)c3)c(=O)c21.[Na+]
258,CHEMBL3906659,2.0,COc1ccc(OC2C[C@@H](O)C[C@H](/C=C/c3c(-c4ccc(F)cc4)nc(N(C)S(C)(=O)=O)nc3C(C)C)O2)c(OC)c1
256,CHEMBL3677709,2.0,CC(C)c1nc(N(C)S(C)(=O)=O)nc(-c2ccc(F)cc2)c1/C=C/[C@@H]1C[C@@H](OCc2ccccc2)CC(OCC(Cl)(Cl)Cl)O1
259,CHEMBL3896765,2.0,CC(C)c1nc(N(C)S(C)(=O)=O)nc(-c2ccc(F)cc2)c1/C=C/[C@H]1C[C@H](O)CC(OCC(Cl)(Cl)Cl)O1
175,CHEMBL503,2.0,CC[C@H](C)C(=O)O[C@H]1C[C@@H](C)C=C2C=C[C@H](C)[C@H](CC[C@@H]3C[C@@H](O)CC(=O)O3)[C@H]21
147,CHEMBL401293,2.2,CC(C)n1c(CC[C@@H](O)C[C@@H](O)CC(=O)[O-])c(-c2ccc(F)cc2)c(-c2ccccc2)c1C(=O)NCc1ccc(C(=O)O)cc1.[Na+]
275,CHEMBL503,2.2,CC[C@H](C)C(=O)O[C@H]1C[C@@H](C)C=C2C=C[C@H](C)[C@H](CC[C@@H]3C[C@@H](O)CC(=O)O3)[C@H]21
274,CHEMBL4088701,2.2,CC[C@@H](C)C(=O)O[C@H]1C[C@@H](C)C=C2C=C[C@H](C)[C@H](CC[C@@H]3C[C@@H](O)CC(=O)O3)[C@H]21
143,CHEMBL400560,2.6,Cc1cc(CNC(=O)c2c(-c3ccccc3)c(-c3ccc(F)cc3)c(CC[C@@H](O)C[C@@H](O)CC(=O)[O-])n2C(C)C)n[nH]1.[Na+]
130,CHEMBL389216,2.9,CC(C)n1c(CC[C@@H](O)C[C@@H](O)CC(=O)[O-])c(-c2ccc(F)cc2)c2c3ccccc3n(-c3cccc(Cl)c3)c(=O)c21.[Na+]
156,CHEMBL250953,2.9,CC(C)n1c(CC[C@@H](O)C[C@@H](O)CC(=O)[O-])c(-c2ccc(F)cc2)c(-c2ccccc2)c1C(=O)Nc1ccc(S(N)(=O)=O)cc1.[Na+]
127,CHEMBL389442,3.0,CC(C)n1c(CC[C@@H](O)C[C@@H](O)CC(=O)[O-])c(-c2ccc(F)cc2)c2c3ccccc3n(Cc3ccccc3F)c(=O)c21.[Na+]
121,CHEMBL391002,3.0,CC(C)n1c(CC[C@@H](O)C[C@@H](O)CC(=O)O)c(-c2ccc(F)cc2)c(-c2ccccc2)c1C(=O)N(C)Cc1ccccc1
255,CHEMBL3677708,3.0,C=CCOC1C[C@H](OCc2ccccc2)C[C@@H](/C=C/c2c(-c3ccc(F)cc3)nc(N(C)S(C)(=O)=O)nc2C(C)C)O1
141,CHEMBL438694,3.0,CC(C)n1c(CC[C@@H](O)C[C@@H](O)CC(=O)[O-])c(-c2ccc(F)cc2)c(-c2ccccc2)c1C(N)=O.[Na+]
165,CHEMBL1496,3.1,CC(C)c1nc(N(C)S(C)(=O)=O)nc(-c2ccc(F)cc2)c1/C=C/[C@@H](O)C[C@@H](O)CC(=O)O
222,CHEMBL1064,3.39,CCC(C)(C)C(=O)O[C@H]1C[C@@H](C)C=C2C=C[C@H](C)[C@H](CC[C@@H]3C[C@@H](O)CC(=O)O3)[C@H]21
142,CHEMBL249273,3.4,Cc1cnc(CNC(=O)c2c(-c3ccccc3)c(-c3ccc(F)cc3)c(CC[C@@H](O)C[C@@H](O)CC(=O)[O-])n2C(C)C)[nH]1.[Na+]
122,CHEMBL387514,3.5,CC(C)n1c(CC[C@@H](O)C[C@@H](O)CC(=O)[O-])c(-c2ccc(F)cc2)c2c1C(=O)N(Cc1ccccc1)CCC2.[Na+]
136,CHEMBL250707,3.8,CC(C)n1c(CC[C@@H](O)C[C@@H](O)CC(=O)[O-])c(-c2ccc(F)cc2)c(-c2ccccc2)c1C(=O)NC1CC1.[Na+]
254,CHEMBL3677707,4.0,CC(C)c1nc(N(C)S(C)(=O)=O)nc(-c2ccc(F)cc2)c1/C=C/[C@@H]1C[C@@H](OCc2ccccc2)CC(OC(C)(C)C)O1
250,CHEMBL1496,4.0,CC(C)c1nc(N(C)S(C)(=O)=O)nc(-c2ccc(F)cc2)c1/C=C/[C@@H](O)C[C@@H](O)CC(=O)O
44,CHEMBL177545,4.1,CC(=O)[O-].CC(C)c1c(OC[C@@H](O)C[C@@H](O)CC(=O)[O-])c(C(C)C)c(C(C)C)c(O)c1-c1ccc(F)cc1.[Na+].[Na+]
125,CHEMBL389443,4.7,CC(C)n1c(CC[C@@H](O)C[C@@H](O)CC(=O)[O-])c(-c2ccc(F)cc2)c2c3ccccc3n(Cc3ccc(F)cc3)c(=O)c21.[Na+]
51,CHEMBL2368190,4.8,CC(C)c1nc(-c2ccc(F)cc2)c(/C=C/[C@@H]2C[C@@H](O)CC(=O)O2)c(C(C)C)n1
112,CHEMBL1496,5.0,CC(C)c1nc(N(C)S(C)(=O)=O)nc(-c2ccc(F)cc2)c1/C=C/[C@@H](O)C[C@@H](O)CC(=O)O
55,CHEMBL2368199,5.0,CC(C)c1nc(-c2ccccc2)cc(-c2ccc(F)cc2)c1/C=C/[C@@H]1C[C@@H](O)CC(=O)O1
48,CHEMBL2368188,5.0,CC(C)c1nc(-c2ccccc2)nc(-c2ccc(F)cc2)c1/C=C/[C@@H]1C[C@@H](O)CC(=O)O1
17,CHEMBL159103,5.0,Cc1c(/C=C/[C@@H](O)C[C@@H](O)CC(=O)[O-])c(-c2ccc(F)cc2)c(C)n1-c1ccccc1.[Na+]
85,CHEMBL1496,5.4,CC(C)c1nc(N(C)S(C)(=O)=O)nc(-c2ccc(F)cc2)c1/C=C/[C@@H](O)C[C@@H](O)CC(=O)O
218,CHEMBL1144,5.591,CC[C@H](C)C(=O)O[C@H]1C[C@H](O)C=C2C=C[C@H](C)[C@H](CC[C@@H](O)C[C@@H](O)CC(=O)O)[C@H]21
38,CHEMBL321768,5.6,CC(C)c1c(O)c(C(C)C)c(C(C)C)c(OCC(O)C[C@@H](O)CC(=O)[O-])c1-c1ccc(F)cc1.[Na+]
94,CHEMBL1161663,5.7,CC(C)c1nc(-c2ccc(F)cc2)c(-c2ccc(F)cc2)n1/C=C/[C@H](O)C[C@@H](O)CC(=O)O
16,CHEMBL345375,6.0,Cc1c(/C=C/[C@@H](O)C[C@@H](O)CC(=O)[O-])c(-c2ccc(F)cc2)cn1C(C)C.[Na+]
111,CHEMBL1487,6.0,CC(C)c1c(C(=O)Nc2ccccc2)c(-c2ccccc2)c(-c2ccc(F)cc2)n1CC[C@@H](O)C[C@@H](O)CC(=O)O
93,CHEMBL1161659,6.15,CC(C)c1nc(-c2ccc(F)cc2)c(-c2ccc(F)cc2)n1/C=C/[C@H](O)C[C@H](O)CC(=O)O
164,CHEMBL250088,6.6,COc1cccc(NC(=O)c2c(-c3ccc(F)cc3)c(-c3ccc(F)cc3)c(CC[C@@H](O)C[C@@H](O)CC(=O)[O-])n2C(C)C)c1.[Na+]
106,CHEMBL1161644,6.98,CC(C)c1cc(-c2ccc(F)cc2)c(-c2ccc(F)cc2)n1/C=C/[C@@H](O)C[C@@H](O)CC(=O)O
70,CHEMBL2367472,7.0,CC(C)c1nn(-c2cnccn2)c(-c2ccc(F)cc2)c1/C=C/[C@@H](O)C[C@@H](O)CC(=O)[O-].[Na+]
72,CHEMBL2367478,7.0,CC(C)c1nn(-c2ccccc2)c(-c2ccc(F)cc2)c1/C=C/[C@@H](O)C[C@@H](O)CC(=O)[O-].[Na+]
288,CHEMBL333687,7.0,CC(C)c1c(C(=O)Nc2ccccc2)c(-c2ccccc2)c(-c2ccc(F)cc2)n1CC[C@@H]1C[C@@H](O)CC(=O)O1
88,CHEMBL1161653,7.0,CCc1cc(-c2c(-c3ccc(F)cc3)nc(C(C)C)n2/C=C/[C@@H](O)C[C@@H](O)CC(=O)O)cc(CC)c1F
104,CHEMBL1161651,7.15,CC(C)c1cc(-c2ccc(F)cc2)c(-c2cccc(Cl)c2)n1/C=C/[C@@H](O)C[C@@H](O)CC(=O)O
105,CHEMBL1161655,7.16,CC(C)c1cc(-c2ccc(F)cc2)c(-c2cccc(Br)c2)n1/C=C/[C@@H](O)C[C@@H](O)CC(=O)O
119,CHEMBL1161640,7.25,Cc1cc(C)cc(-c2c(-c3ccc(F)cc3)nc(C(C)C)n2/C=C/[C@@H](O)C[C@@H](O)CC(=O)O)c1
60,CHEMBL2368202,7.5,CC(C)c1nc(-c2ccc(F)cc2)cc(-c2ccc(F)cc2)c1/C=C/[C@@H]1C[C@@H](O)CC(=O)O1
87,CHEMBL1161650,7.52,Cc1cc(-c2c(-c3ccc(F)cc3)nc(C(C)C)n2/C=C/[C@@H](O)C[C@@H](O)CC(=O)O)cc(C)c1F
103,CHEMBL1161646,7.6,CC(C)c1cc(-c2ccc(F)cc2)c(-c2ccccc2)n1/C=C/[C@@H](O)C[C@@H](O)CC(=O)O
76,CHEMBL3349827,7.6,CCC(C)(C)C(=O)O[C@@H]1C2C(=C[C@H](C)[C@H]1[C@H](C)O)C=C[C@H](C)[C@@H]2CC[C@@H]1C[C@@H](O)CC(=O)O1
118,CHEMBL1161664,7.66,CC(C)c1nc(-c2ccc(F)cc2)c(-c2cc(Cl)cc(Cl)c2)n1/C=C/[C@@H](O)C[C@@H](O)CC(=O)O
113,CHEMBL1161639,7.89,O=C(O)C[C@H](O)C[C@H](O)/C=C/n1c(C(F)(F)F)nc(-c2ccc(F)cc2)c1-c1ccc(F)cc1
251,CHEMBL3971241,8.0,CCCOC1C[C@@H](OC(=O)c2cccnc2)C[C@H](/C=C/c2c(-c3ccc(F)cc3)nc(N(C)S(C)(=O)=O)nc2C(C)C)O1
69,CHEMBL2367477,8.0,CC(C)c1nn(-c2ccccn2)c(-c2ccc(F)cc2)c1/C=C/[C@@H](O)C[C@@H](O)CC(=O)[O-].[Na+]
115,CHEMBL1161652,8.04,CN(C)c1nc(-c2ccc(F)cc2)c(-c2ccc(F)cc2)n1/C=C/[C@@H](O)C[C@@H](O)CC(=O)O
117,CHEMBL1161660,8.1,CC(C)c1nc(-c2ccc(F)cc2)c(-c2cccc(Cl)c2)n1/C=C/[C@@H](O)C[C@@H](O)CC(=O)O
114,CHEMBL1161648,8.15,CC(C)(C)c1nc(-c2ccc(F)cc2)c(-c2ccc(F)cc2)n1/C=C/[C@@H](O)C[C@@H](O)CC(=O)O
100,CHEMBL1161661,8.3,CC(C)c1cc(-c2ccncc2)c(-c2ccc(F)cc2)n1/C=C/[C@@H](O)C[C@@H](O)CC(=O)O
86,CHEMBL1161645,8.4,Cc1cc(F)ccc1-c1c(-c2ccc(F)cc2)nc(C(C)C)n1/C=C/[C@@H](O)C[C@@H](O)CC(=O)O
92,CHEMBL1161647,8.52,CNc1cccc(-c2nc(C(C)C)n(/C=C/[C@@H](O)C[C@@H](O)CC(=O)O)c2-c2ccc(F)cc2)c1
91,CHEMBL1161641,8.7,CC(C)c1nc(-c2cccc(S(C)(=O)=O)c2)c(-c2ccc(F)cc2)n1/C=C/[C@@H](O)C[C@@H](O)CC(=O)O
98,CHEMBL1161654,8.7,CC(C)c1cc(-c2cccc(Cl)c2)c(-c2ccc(F)cc2)n1/C=C/[C@@H](O)C[C@@H](O)CC(=O)O
97,CHEMBL1161649,8.7,CC(C)c1cc(-c2ccccc2)c(-c2ccc(F)cc2)n1/C=C/[C@@H](O)C[C@@H](O)CC(=O)O
101,CHEMBL1161665,8.7,CC(C)c1cc(-c2ccccn2)c(-c2ccc(F)cc2)n1/C=C/[C@@H](O)C[C@@H](O)CC(=O)O
96,CHEMBL1161644,8.7,CC(C)c1cc(-c2ccc(F)cc2)c(-c2ccc(F)cc2)n1/C=C/[C@@H](O)C[C@@H](O)CC(=O)O
89,CHEMBL1161657,8.7,Cc1cc(-c2nc(C(C)C)n(/C=C/[C@@H](O)C[C@@H](O)CC(=O)O)c2-c2ccc(F)cc2)cc(C)c1Cl
140,CHEMBL399771,8.8,CNC(=O)c1c(-c2ccccc2)c(-c2ccc(F)cc2)c(CC[C@@H](O)C[C@@H](O)CC(=O)[O-])n1C(C)C.[Na+]
90,CHEMBL1161662,9.0,CC(C)c1nc(-c2cccnc2)c(-c2ccc(F)cc2)n1/C=C/[C@@H](O)C[C@@H](O)CC(=O)O
95,CHEMBL333760,9.0,CC(C)c1nc(-c2ccc(F)cc2)c(-c2ccc(F)cc2)n1/C=C/[C@@H](O)C[C@@H](O)CC(=O)O
116,CHEMBL1161656,9.0,CC(C)c1c(-c2ccc(F)cc2)nc(-c2ccc(F)cc2)n1/C=C/[C@@H](O)C[C@@H](O)CC(=O)O
271,CHEMBL2347008,9.2,CC(C)c1c(C(=O)Nc2ccccc2)c(-c2ccccc2)c(-c2ccc(F)cc2)n1CC[C@@H](O)C[C@@H](O)CC(=O)NO
99,CHEMBL1161658,9.3,CC(C)c1cc(-c2cccc(Br)c2)c(-c2ccc(F)cc2)n1/C=C/[C@@H](O)C[C@@H](O)CC(=O)O
61,CHEMBL2368191,9.5,CC(C)c1nc(C2CCCCC2)cc(-c2ccc(F)cc2)c1/C=C/[C@@H]1C[C@@H](O)CC(=O)O1
102,CHEMBL1161642,9.52,CC(C)c1c(Br)c(-c2ccc(F)cc2)c(-c2ccc(F)cc2)n1/C=C/[C@@H](O)C[C@@H](O)CC(=O)O
132,CHEMBL228667,9.6,CC(C)n1c(CC[C@@H](O)C[C@@H](O)CC(=O)[O-])c(-c2ccc(F)cc2)c2c1C(=O)N(c1ccccc1)Cc1ccccc1-2.[Na+]
110,CHEMBL1477,10.0,COCc1c(C(C)C)nc(C(C)C)c(/C=C/[C@@H](O)C[C@@H](O)CC(=O)O)c1-c1ccc(F)cc1
57,CHEMBL2368200,10.0,CC(C)c1cc(-c2ccccc2)nc(-c2ccc(F)cc2)c1/C=C/[C@@H]1C[C@@H](O)CC(=O)O1
260,CHEMBL3971439,10.0,CCCOC1C[C@@H](O)C[C@H](/C=C/c2c(-c3ccc(F)cc3)nc(N(C)S(C)(=O)=O)nc2C(C)C)O1
81,CHEMBL3349828,10.8,CCC(C)(C)C(=O)O[C@@H]1C2C(=C[C@H](C)[C@H]1CO)C=C[C@H](C)[C@@H]2CC[C@@H]1C[C@@H](O)CC(=O)O1
108,CHEMBL1064,11.0,CCC(C)(C)C(=O)O[C@H]1C[C@@H](C)C=C2C=C[C@H](C)[C@H](CC[C@@H]3C[C@@H](O)CC(=O)O3)[C@H]21
84,CHEMBL1064,11.2,CCC(C)(C)C(=O)O[C@H]1C[C@@H](C)C=C2C=C[C@H](C)[C@H](CC[C@@H]3C[C@@H](O)CC(=O)O3)[C@H]21
270,CHEMBL2347007,11.4,CCC(C)(C)C(=O)O[C@H]1C[C@@H](C)C=C2C=C[C@H](C)[C@H](CC[C@@H](O)C[C@@H](O)CC(=O)NO)[C@H]21
268,CHEMBL1487,11.6,CC(C)c1c(C(=O)Nc2ccccc2)c(-c2ccccc2)c(-c2ccc(F)cc2)n1CC[C@@H](O)C[C@@H](O)CC(=O)O
124,CHEMBL228954,11.7,CC(C)n1c(CC[C@@H](O)C[C@@H](O)CC(=O)[O-])c(-c2ccc(F)cc2)c2c3ccccc3[nH]c(=O)c21.[Na+]
3,CHEMBL487720,12.0,CCC(C)(C)C(=O)O[C@H]1C[C@@H](C)C=C2C=C[C@H](C)[C@H](CC[C@@H](O)C[C@@H](O)CC(=O)[O-])[C@H]21.[Na+]
139,CHEMBL249884,12.0,CCNC(=O)c1c(-c2ccccc2)c(-c2ccc(F)cc2)c(CC[C@@H](O)C[C@@H](O)CC(=O)[O-])n1C(C)C.[Na+]
82,CHEMBL3349544,12.1,CCC(C)(C)C(=O)O[C@H]1C[C@@H](C)C=C2C=C[C@H](C)[C@H](CC[C@@H]3C[C@@H](O)CC(=O)O3)C21
232,CHEMBL2347008,12.3,CC(C)c1c(C(=O)Nc2ccccc2)c(-c2ccccc2)c(-c2ccc(F)cc2)n1CC[C@@H](O)C[C@@H](O)CC(=O)NO
163,CHEMBL399360,12.4,CC(C)n1c(CC[C@@H](O)C[C@@H](O)CC(=O)[O-])c(-c2ccc(F)cc2)c(-c2ccc(F)cc2)c1C(=O)Nc1ccccc1.[Na+]
238,CHEMBL1487,12.9,CC(C)c1c(C(=O)Nc2ccccc2)c(-c2ccccc2)c(-c2ccc(F)cc2)n1CC[C@@H](O)C[C@@H](O)CC(=O)O
233,CHEMBL2347007,13.1,CCC(C)(C)C(=O)O[C@H]1C[C@@H](C)C=C2C=C[C@H](C)[C@H](CC[C@@H](O)C[C@@H](O)CC(=O)NO)[C@H]21
75,CHEMBL3349824,13.3,CCC(C)(C)C(=O)O[C@@H]1C2C(=C[C@H](C)[C@@H]1O)C=C[C@H](C)[C@@H]2CC[C@@H]1C[C@@H](O)CC(=O)O1
128,CHEMBL389441,13.9,CC(C)n1c(CC[C@@H](O)C[C@@H](O)CC(=O)[O-])c(-c2ccc(F)cc2)c2c3ccccc3n(Cc3ccccc3)c(=O)c21.[Na+]
137,CHEMBL250500,15.0,CC(C)NC(=O)c1c(-c2ccccc2)c(-c2ccc(F)cc2)c(CC[C@@H](O)C[C@@H](O)CC(=O)[O-])n1C(C)C.[Na+]
129,CHEMBL389217,16.4,CC(C)n1c(CC[C@@H](O)C[C@@H](O)CC(=O)[O-])c(-c2ccc(F)cc2)c2c3ccccc3n(-c3ccc(F)cc3)c(=O)c21.[Na+]
133,CHEMBL438662,16.7,CC(C)n1c(CC[C@@H](O)C[C@@H](O)CC(=O)[O-])c(-c2ccc(F)cc2)c2c3ccccc3n(-c3ccccc3)c(=O)c21.[Na+]
234,CHEMBL2347006,16.8,CC[C@H](C)C(=O)O[C@H]1C[C@@H](C)C=C2C=C[C@H](C)[C@H](CC[C@@H](O)C[C@@H](O)CC(=O)NO)[C@H]21
269,CHEMBL3970138,16.8,CCC(C)C(=O)OC1C[C@@H](C)C=C2C=C[C@H](C)[C@H](CC[C@@H](O)C[C@@H](O)CC(=O)NO)[C@H]21
78,CHEMBL2367470,17.0,O=C([O-])C[C@H](O)C[C@H](O)/C=C/c1c(C(F)(F)F)nn(-c2ccccn2)c1-c1ccc(F)cc1.[Na+]
65,CHEMBL333443,18.0,CC[C@H](C)C(=O)O[C@H]1C[C@@H](C)C=C2C=C[C@H](C)[C@H](CC[C@@H]3C[C@@H](O)CC(=O)O3)C21
46,CHEMBL2368185,18.0,CC(C)c1nc(-c2ccc(F)cc2)nc(-c2ccc(F)cc2)c1/C=C/[C@@H]1C[C@@H](O)CC(=O)O1
71,CHEMBL3349825,19.7,CCC(C)(C)C(=O)O[C@@H]1C2C(=C[C@H](C)[C@H]1[C@@H](O)c1ccccc1)C=C[C@H](C)[C@@H]2CC[C@@H]1C[C@@H](O)CC(=O)O1
219,CHEMBL503,20.0,CC[C@H](C)C(=O)O[C@H]1C[C@@H](C)C=C2C=C[C@H](C)[C@H](CC[C@@H]3C[C@@H](O)CC(=O)O3)[C@H]21
58,CHEMBL2368205,20.0,Cc1ccc(C)c(-c2cc(-c3ccc(F)cc3)c(/C=C/[C@@H]3C[C@@H](O)CC(=O)O3)c(C(C)C)n2)c1
62,CHEMBL503,20.0,CC[C@H](C)C(=O)O[C@H]1C[C@@H](C)C=C2C=C[C@H](C)[C@H](CC[C@@H]3C[C@@H](O)CC(=O)O3)[C@H]21
49,CHEMBL2368197,20.0,CC(C)c1nc(C(C)(C)C)cc(-c2ccc(F)cc2)c1/C=C/[C@@H]1C[C@@H](O)CC(=O)O1
138,CHEMBL250090,20.0,CC(C)n1c(CC[C@@H](O)C[C@@H](O)CC(=O)[O-])c(-c2ccc(F)cc2)c(-c2ccccc2)c1C(=O)N(C)C.[Na+]
64,CHEMBL303515,20.0,CC[C@H](C)C(=O)O[C@H]1C[C@@H](C)C=C2C=C[C@H](C)[C@H](CCC(O)C[C@@H](O)CC(=O)[O-])[C@H]21.[Na+]
253,CHEMBL3684074,22.0,COC1C[C@H](OCc2ccccc2)C[C@@H](/C=C/c2c(-c3ccc(F)cc3)nc(N(C)S(C)(=O)=O)nc2C(C)C)O1
276,CHEMBL54440,23.0,CC[C@H](C)C(=O)O[C@H]1CCC=C2C=C[C@H](C)[C@H](CC[C@@H]3C[C@@H](O)CC(=O)O3)[C@H]21
107,CHEMBL54440,23.0,CC[C@H](C)C(=O)O[C@H]1CCC=C2C=C[C@H](C)[C@H](CC[C@@H]3C[C@@H](O)CC(=O)O3)[C@H]21
67,CHEMBL2367477,24.0,CC(C)c1nn(-c2ccccn2)c(-c2ccc(F)cc2)c1/C=C/[C@@H](O)C[C@@H](O)CC(=O)[O-].[Na+]
45,CHEMBL2368189,26.0,CC(C)c1nc(C2CCCCC2)nc(-c2ccc(F)cc2)c1/C=C/[C@@H]1C[C@@H](O)CC(=O)O1
109,CHEMBL2220442,28.0,CC(C)n1c(/C=C/C(O)CC(O)CC(=O)O)c(-c2ccc(F)cc2)c2ccccc21
66,CHEMBL54440,28.4,CC[C@H](C)C(=O)O[C@H]1CCC=C2C=C[C@H](C)[C@H](CC[C@@H]3C[C@@H](O)CC(=O)O3)[C@H]21
0,CHEMBL175236,29.0,CC[C@H](C)C(=O)O[C@H]1C[C@@H](C)C=C2C=C[C@H](C)[C@H](CC[C@@H](O)C[C@@H](O)CC(=O)[O-])[C@H]21.[Na+]
239,CHEMBL503,29.5,CC[C@H](C)C(=O)O[C@H]1C[C@@H](C)C=C2C=C[C@H](C)[C@H](CC[C@@H]3C[C@@H](O)CC(=O)O3)[C@H]21
261,CHEMBL503,29.5,CC[C@H](C)C(=O)O[C@H]1C[C@@H](C)C=C2C=C[C@H](C)[C@H](CC[C@@H]3C[C@@H](O)CC(=O)O3)[C@H]21
267,CHEMBL503,29.5,CC[C@H](C)C(=O)O[C@H]1C[C@@H](C)C=C2C=C[C@H](C)[C@H](CC[C@@H]3C[C@@H](O)CC(=O)O3)[C@H]21
35,CHEMBL100165,30.0,CC(C)c1cc(-c2ccc(F)cc2)c(OCC(O)C[C@@H](O)CC(=O)[O-])c(C(C)C)c1.[Na+]
74,CHEMBL1144,30.0,CC[C@H](C)C(=O)O[C@H]1C[C@H](O)C=C2C=C[C@H](C)[C@H](CC[C@@H](O)C[C@@H](O)CC(=O)O)[C@H]21
80,CHEMBL690,30.0,CC[C@H](C)C(=O)O[C@H]1C[C@H](O)C=C2C=C[C@H](C)[C@H](CC[C@@H](O)C[C@@H](O)CC(=O)[O-])[C@H]21.[Na+]
237,CHEMBL2347010,36.5,C[C@H]1C=C2C=C[C@H](C)[C@H](CC[C@@H]3C[C@@H](O[Si](C)(C)C(C)(C)C)CC(=O)O3)[C@H]2[C@@H](OC(=O)Nc2ccc(-c3cn(CCCCCCC(=O)NO)nn3)cc2)C1
264,CHEMBL2347010,36.5,C[C@H]1C=C2C=C[C@H](C)[C@H](CC[C@@H]3C[C@@H](O[Si](C)(C)C(C)(C)C)CC(=O)O3)[C@H]2[C@@H](OC(=O)Nc2ccc(-c3cn(CCCCCCC(=O)NO)nn3)cc2)C1
262,CHEMBL3704922,36.5,C#Cc1ccc(NC(=O)O[C@H]2C[C@@H](C)C=C3C=C[C@H](C)[C@H](CC[C@@H]4C[C@@H](O[Si](C)(C)C(C)(C)C)CC(=O)O4)[C@H]32)cc1
1,CHEMBL503,37.0,CC[C@H](C)C(=O)O[C@H]1C[C@@H](C)C=C2C=C[C@H](C)[C@H](CC[C@@H]3C[C@@H](O)CC(=O)O3)[C@H]21
126,CHEMBL228583,37.4,CC(C)n1c(CC[C@@H](O)C[C@@H](O)CC(=O)[O-])c(-c2ccc(F)cc2)c2c3ccccc3n(Cc3cccc(F)c3)c(=O)c21.[Na+]
11,CHEMBL503,39.0,CC[C@H](C)C(=O)O[C@H]1C[C@@H](C)C=C2C=C[C@H](C)[C@H](CC[C@@H]3C[C@@H](O)CC(=O)O3)[C@H]21
79,CHEMBL64962,40.0,CC(C)c1nn(-c2ccccc2)c(-c2ccc(F)cc2)c1CCC(O)C[C@@H](O)CC(=O)[O-].[Na+]
231,CHEMBL2347009,43.7,CC(C)c1nc(N(C)S(C)(=O)=O)nc(-c2ccc(F)cc2)c1/C=C/[C@@H](O)C[C@@H](O)CC(=O)NO
272,CHEMBL2347009,43.7,CC(C)c1nc(N(C)S(C)(=O)=O)nc(-c2ccc(F)cc2)c1/C=C/[C@@H](O)C[C@@H](O)CC(=O)NO
135,CHEMBL1064,49.0,CCC(C)(C)C(=O)O[C@H]1C[C@@H](C)C=C2C=C[C@H](C)[C@H](CC[C@@H]3C[C@@H](O)CC(=O)O3)[C@H]21
120,CHEMBL1064,49.0,CCC(C)(C)C(=O)O[C@H]1C[C@@H](C)C=C2C=C[C@H](C)[C@H](CC[C@@H]3C[C@@H](O)CC(=O)O3)[C@H]21
47,CHEMBL503,50.0,CC[C@H](C)C(=O)O[C@H]1C[C@@H](C)C=C2C=C[C@H](C)[C@H](CC[C@@H]3C[C@@H](O)CC(=O)O3)[C@H]21
52,CHEMBL2368198,50.0,Cc1cc(-c2ccc(F)cc2)c(/C=C/[C@@H]2C[C@@H](O)CC(=O)O2)c(C(C)C)n1
39,CHEMBL503,50.0,CC[C@H](C)C(=O)O[C@H]1C[C@@H](C)C=C2C=C[C@H](C)[C@H](CC[C@@H]3C[C@@H](O)CC(=O)O3)[C@H]21
265,CHEMBL2347011,53.8,C[C@H]1C=C2C=C[C@H](C)[C@H](CC[C@@H]3C[C@@H](O[Si](C)(C)C(C)(C)C)CC(=O)O3)[C@H]2[C@@H](OC(=O)NCc2ccc(-c3cn(CCCCCCC(=O)NO)nn3)cc2)C1
236,CHEMBL2347011,53.8,C[C@H]1C=C2C=C[C@H](C)[C@H](CC[C@@H]3C[C@@H](O[Si](C)(C)C(C)(C)C)CC(=O)O3)[C@H]2[C@@H](OC(=O)NCc2ccc(-c3cn(CCCCCCC(=O)NO)nn3)cc2)C1
263,CHEMBL3704923,53.8,C#Cc1ccc(CNC(=O)O[C@H]2C[C@@H](C)C=C3C=C[C@H](C)[C@H](CC[C@@H]4C[C@@H](O[Si](C)(C)C(C)(C)C)CC(=O)O4)[C@H]32)cc1
266,CHEMBL2347005,54.1,C[C@H]1C=C2C=C[C@H](C)[C@H](CC[C@@H]3C[C@@H](O[Si](C)(C)C(C)(C)C)CC(=O)O3)[C@H]2[C@@H](OC(=O)NCCCCCCC(=O)NO)C1
235,CHEMBL2347005,54.1,C[C@H]1C=C2C=C[C@H](C)[C@H](CC[C@@H]3C[C@@H](O[Si](C)(C)C(C)(C)C)CC(=O)O3)[C@H]2[C@@H](OC(=O)NCCCCCCC(=O)NO)C1
30,CHEMBL329307,55.0,CC(C)c1cc(-c2ccc(F)cc2)cc(-c2ccc(F)cc2)c1OCC(O)C[C@@H](O)CC(=O)[O-].[Na+]
73,CHEMBL2367471,59.0,CC(C)c1nn(-c2nc3ccccc3s2)c(-c2ccc(F)cc2)c1/C=C/[C@@H](O)C[C@@H](O)CC(=O)[O-].[Na+]
68,CHEMBL2367475,62.0,CC(C)c1nn(-c2ccc3ccccc3n2)c(-c2ccc(F)cc2)c1/C=C/[C@@H](O)C[C@@H](O)CC(=O)[O-].[Na+]
77,CHEMBL2367472,66.0,CC(C)c1nn(-c2cnccn2)c(-c2ccc(F)cc2)c1/C=C/[C@@H](O)C[C@@H](O)CC(=O)[O-].[Na+]
54,CHEMBL2111268,90.0,Cc1nc(-c2ccccc2)cc(-c2ccc(F)cc2)c1/C=C/[C@@H]1C[C@@H](O)CC(=O)O1
37,CHEMBL99838,100.0,CC(C)c1cc(-c2ccccc2)cc(CC2CCCCC2)c1OCC(O)C[C@@H](O)CC(=O)[O-].[Na+]
63,CHEMBL65037,110.0,CC(C)c1nn(-c2ccccn2)c(-c2ccc(F)cc2)c1CCC(O)C[C@@H](O)CC(=O)[O-].[Na+]
220,CHEMBL54440,119.0,CC[C@H](C)C(=O)O[C@H]1CCC=C2C=C[C@H](C)[C@H](CC[C@@H]3C[C@@H](O)CC(=O)O3)[C@H]21
59,CHEMBL2368194,150.0,COc1ccc(-c2cc(-c3ccccc3)nc(C(C)C)c2/C=C/[C@@H]2C[C@@H](O)CC(=O)O2)cc1
210,CHEMBL1163804,160.0,CC(C)[C@H](NC(=O)[C@H](Cc1ccc(O)cc1)NC(=O)CNC(=O)[C@H](Cc1ccccc1)NC(=O)[C@@H](N)CC(=O)O)C(=O)N[C@@H](C)C(=O)N[C@@H](CCC(=O)O)C(=O)O
287,CHEMBL104044,230.0,CC(C)c1ccc(-c2ccc(F)cc2)n1CC[C@@H]1C[C@@H](O)CC(=O)O1
211,CHEMBL1163150,240.0,CC(C)[C@H](NC(=O)[C@H](Cc1ccc(O)cc1)NC(=O)CNC(=O)[C@H](Cc1ccccc1)NC(=O)[C@@H](N)CCC(=O)O)C(=O)N[C@@H](C)C(=O)N[C@@H](CCC(=O)O)C(=O)O
279,CHEMBL5220731,250.0,Cc1ncsc1-c1ccc(CNC(=O)[C@@H]2C[C@@H](O)CN2C(=O)[C@H](NC(=O)CCCCCCCCCCNC(=O)OC2C[C@@H](C)C=C3C=C[C@H](C)[C@H](CC[C@@H](O)C[C@@H](O)CC=O)[C@H]32)C(C)(C)C)cc1
29,CHEMBL101497,250.0,CC(C)c1c(OCC(O)C[C@@H](O)CC(=O)[O-])c(-c2ccc(F)cc2)nc2ccccc12.[Na+]
209,CHEMBL1165024,260.0,CC(C)[C@H](NC(=O)[C@H](Cc1ccc(O)cc1)NC(=O)CNC(=O)[C@H](Cc1ccccc1)NC(=O)[C@@H](N)[C@@H](C)O)C(=O)N[C@@H](C)C(=O)N[C@@H](CCC(=O)O)C(=O)O
208,CHEMBL1163149,270.0,CC(C)[C@H](NC(=O)[C@H](Cc1ccc(O)cc1)NC(=O)CNC(=O)[C@H](Cc1ccccc1)NC(=O)CN)C(=O)N[C@@H](C)C(=O)N[C@@H](CCC(=O)O)C(=O)O
27,CHEMBL169046,300.0,C[C@H](CCCC(C)(C)O)[C@H]1CC[C@H]2[C@@H]3CC=C4C[C@@H](O)CC[C@]4(C)[C@H]3CC[C@]12C
56,CHEMBL156695,370.0,CC(C)c1nc(-c2ccccc2)cc(-c2ccc(F)cc2)c1CCC1C[C@@H](O)CC(=O)O1
249,CHEMBL1144,400.0,CC[C@H](C)C(=O)O[C@H]1C[C@H](O)C=C2C=C[C@H](C)[C@H](CC[C@@H](O)C[C@@H](O)CC(=O)O)[C@H]21
205,CHEMBL1163723,410.0,CC(C)[C@H](NC(=O)[C@H](Cc1ccc(O)cc1)NC(=O)CNC(=O)[C@@H](N)Cc1ccccc1)C(=O)N[C@@H](C)C(=O)N[C@@H](CCC(=O)O)C(=O)O
168,CHEMBL489540,500.0,CCCCCCCCC#CC#C/C=C/CCCC(=O)O
198,CHEMBL1165099,750.0,NCC(=O)N[C@@H](Cc1ccc(F)cc1)C(=O)N1CCC[C@H]1C(=O)N[C@@H](CCC(=O)O)C(=O)NCC(=O)NCC(=O)O
24,CHEMBL133434,1000.0,CC(=O)[C@@]12CC[C@H]([C@H](C)CCCC(C)C)[C@@]1(C)CCC1C2=CCC2C(C)(C)[C@@H](O)CC[C@]12C
10,CHEMBL276717,1290.0,Cc1nnnn1C(/C=C/[C@@H](O)C[C@@H](O)CC(=O)[O-])=C(c1ccc(F)cc1)c1ccc(F)cc1.[Na+]
278,CHEMBL5218794,1300.0,Cc1ncsc1-c1ccc(CNC(=O)[C@@H]2C[C@@H](O)CN2C(=O)[C@H](NC(=O)CCCCCCCCCCNC(=O)OC2C[C@@H](C)C=C3C=C[C@H](C)[C@H](CC[C@@H]4C[C@@H](O)CC(=O)O4)[C@H]32)C(C)(C)C)cc1
8,CHEMBL11804,1340.0,Cn1nnnc1C(/C=C/[C@@H](O)C[C@@H](O)CC(=O)[O-])=C(c1ccc(F)cc1)c1ccc(F)cc1.[Na+]
5,CHEMBL690,1370.0,CC[C@H](C)C(=O)O[C@H]1C[C@H](O)C=C2C=C[C@H](C)[C@H](CC[C@@H](O)C[C@@H](O)CC(=O)[O-])[C@H]21.[Na+]
2,CHEMBL115307,1400.0,CC[C@H](C)C(=O)O[C@H]1C[C@H](O)C[C@@H]2C=C[C@H](C)[C@H](CCC3C[C@@H](O)CC(=O)O3)[C@@H]12
204,CHEMBL1165259,1470.0,CC(C)[C@H](NC(=O)[C@H](Cc1ccc(O)cc1)NC(=O)[C@@H]1CCCN1C(=O)[C@@H](N)Cc1ccccc1)C(=O)N[C@@H](C)C(=O)N[C@@H](CCC(=O)O)C(=O)O
23,CHEMBL133834,1500.0,CC(C)CCC[C@@H](C)[C@H]1CC[C@@]2(C(C)O)C3=CCC4C(C)(C)[C@@H](O)CC[C@]4(C)C3CC[C@]12C
167,CHEMBL504781,1500.0,CCCCCCCCC#CC#C/C=C\CCCC(=O)O
194,CHEMBL261622,1520.0,NCC(=O)N[C@@H](Cc1ccccc1)C(=O)N1CCC[C@H]1C(=O)N[C@@H](CC(=O)O)C(=O)NCC(=O)NCC(=O)O
7,CHEMBL11804,1600.0,Cn1nnnc1C(/C=C/[C@@H](O)C[C@@H](O)CC(=O)[O-])=C(c1ccc(F)cc1)c1ccc(F)cc1.[Na+]
42,CHEMBL323344,1700.0,CCC(C)(C)OC(=O)C(c1cc(C)cc(C)c1OCC(O)C[C@@H](O)CC(=O)[O-])C1CCCCC1.[Na+]
9,CHEMBL11891,1720.0,O=C([O-])C[C@H](O)C[C@H](O)/C=C/C(=C(c1ccc(F)cc1)c1ccc(F)cc1)n1cnnn1.[Na+]
195,CHEMBL261621,1780.0,NCC(=O)N[C@@H](Cc1ccccc1)C(=O)N1CCC[C@H]1C(=O)N[C@@H](CCC(=O)O)C(=O)NCC(=O)NCC(=O)O
50,CHEMBL2111271,2000.0,Cc1cc(-c2ccc(F)cc2)c(/C=C/[C@@H]2C[C@@H](O)CC(=O)O2)c(C)n1
172,CHEMBL482803,2000.0,CCCCCCCCC#C/C=C/CCCCCC(=O)O
4,CHEMBL323880,2220.0,CC[C@H](C)C(=O)O[C@H]1C[C@H](O)C[C@@H]2C=C[C@H](C)[C@H](CC[C@H](O)C[C@H](O)CC(=O)[O-])[C@@H]12.[Na+]
289,CHEMBL5597939,2500.0,CC(C)=C[C@H]1C[C@H](C)[C@]2(CC[C@]3(C)C[C@@H]4C(=O)C=C5C4=C(CC[C@H]32)C(=O)N5CCO)O1
41,CHEMBL321713,2500.0,O=C([O-])C[C@H](O)CC(O)COc1c(Cl)cc(Cl)cc1C(F)(F)C1CCCCC1.[Na+]
203,CHEMBL1163145,2560.0,CC(C)[C@H](NC(=O)[C@H](Cc1ccc(O)cc1)NC(=O)[C@H](Cc1ccccc1)NC(=O)[C@@H](N)Cc1ccccc1)C(=O)N[C@@H](C)C(=O)N[C@@H](CCC(=O)O)C(=O)O
25,CHEMBL133834,3000.0,CC(C)CCC[C@@H](C)[C@H]1CC[C@@]2(C(C)O)C3=CCC4C(C)(C)[C@@H](O)CC[C@]4(C)C3CC[C@]12C
166,CHEMBL482601,3000.0,CCCCCCCCC#C/C=C\CCCCCC(=O)O
169,CHEMBL501307,3000.0,CCCCC#CC#CCCCCCC(=O)O
6,CHEMBL11804,3000.0,Cn1nnnc1C(/C=C/[C@@H](O)C[C@@H](O)CC(=O)[O-])=C(c1ccc(F)cc1)c1ccc(F)cc1.[Na+]
221,CHEMBL506247,3127.0,O=C(OC[C@H]1O[C@@H](OC(=O)c2cc(O)c(O)c(OC(=O)c3cc(O)c(O)c(O)c3)c2)[C@H](OC(=O)c2cc(O)c(O)c(OC(=O)c3cc(O)c(O)c(O)c3)c2)[C@@H](OC(=O)c2cc(O)c(O)c(OC(=O)c3cc(O)c(O)c(O)c3)c2)[C@@H]1OC(=O)c1cc(O)c(O)c(OC(=O)c2cc(O)c(O)c(O)c2)c1)c1cc(O)c(O)c(OC(=O)c2cc(O)c(O)c(O)c2)c1
216,CHEMBL1729,3370.0,COc1cc(N)c(Cl)cc1C(=O)NC1CCN(CCCOc2ccc(F)cc2)CC1OC
40,CHEMBL317142,3500.0,CC(C)c1c(OCC(O)C[C@@H](O)CC(=O)[O-])c(C(c2ccc(F)cc2)c2ccc(F)cc2)cc2ccccc12.[Na+]
206,CHEMBL258583,3840.0,CC(C)[C@H](NC(=O)[C@@H](N)Cc1ccc(F)cc1)C(=O)N[C@@H](C)C(=O)N[C@@H](CCC(=O)O)C(=O)O
83,CHEMBL50444,4000.0,CC(O)(CC(=O)O)CC(=O)O
240,CHEMBL1163691,4790.0,CCCc1cc(OC)c(OC)cc1O
196,CHEMBL1164546,4820.0,C[C@@H](O)[C@H](NC(=O)[C@@H]1CCCN1C(=O)[C@H](Cc1ccc(F)cc1)NC(=O)CN)C(=O)NCC(=O)NCC(=O)O
242,CHEMBL3344536,4940.0,CCC(=O)c1cc(OC)c(OC)cc1O
171,CHEMBL482804,5000.0,CCCCCCCCC#CCCCCCCCC(=O)O
53,CHEMBL2111238,5000.0,Cc1nc(-c2ccccc2)cc(-c2ccc(F)cc2)c1/C=C\[C@@H]1C[C@@H](O)CC(=O)O1
170,CHEMBL485858,5000.0,CCCCCCCCC#CC#CCCCCCC(=O)O
174,CHEMBL483819,5000.0,CCCCCCCCC#CC#CC1OC1CCCC(=O)O
179,CHEMBL594813,5610.0,COc1cccc(Sc2c(/C=C/[C@@H]3C[C@@H](O)CC(=O)O3)c(C3CC3)nc3ccc(F)cc23)c1
224,CHEMBL2347008,5700.0,CC(C)c1c(C(=O)Nc2ccccc2)c(-c2ccccc2)c(-c2ccc(F)cc2)n1CC[C@@H](O)C[C@@H](O)CC(=O)NO
244,CHEMBL333306,5860.0,C/C=C/c1cc(OC)c(OC)cc1OC
241,CHEMBL1163189,6110.0,CCCc1cc(OC)c(OCC(=O)OC)cc1O
245,CHEMBL1064,6110.0,CCC(C)(C)C(=O)O[C@H]1C[C@@H](C)C=C2C=C[C@H](C)[C@H](CC[C@@H]3C[C@@H](O)CC(=O)O3)[C@H]21
243,CHEMBL3344540,6430.0,CCCC(=O)c1cc(OC)c(OCC(=O)OC)cc1O
28,CHEMBL101824,6500.0,Cc1cc(C)c(OCC2C[C@@H](O)CC(=O)O2)c(C(Cl)C2CCCCC2)c1
178,CHEMBL606813,6930.0,O=C1C[C@H](O)C[C@@H](/C=C/c2c(C3CC3)nc3ccc(F)cc3c2Sc2ccc(F)cc2)O1
197,CHEMBL1164157,6950.0,NCC(=O)N[C@@H](Cc1ccc(F)cc1)C(=O)N1CCC[C@H]1C(=O)N[C@@H](CC(=O)O)C(=O)NCC(=O)NCC(=O)O
173,CHEMBL448462,7000.0,CCCCCCCCC#CC#CC(O)CCCCC(=O)O
185,CHEMBL608986,7100.0,COc1cccc(Sc2cc3nc(C4CC4)c(/C=C/[C@@H]4C[C@@H](O)CC(=O)O4)c(Sc4cccc(OC)c4)c3cc2F)c1
225,CHEMBL2347007,7900.0,CCC(C)(C)C(=O)O[C@H]1C[C@@H](C)C=C2C=C[C@H](C)[C@H](CC[C@@H](O)C[C@@H](O)CC(=O)NO)[C@H]21
277,CHEMBL2393053,8400.0,CC(C)=C[C@H]1C[C@H](C)[C@]2(CC[C@]3(C)C[C@@H]4C(C)=CC(=O)[C@H]4/C(C=O)=C\C[C@H]32)O1
207,CHEMBL1163146,8520.0,CC(C)[C@H](NC(=O)[C@H](Cc1ccc(F)cc1)NC(=O)CNC(=O)[C@@H](N)Cc1ccccc1)C(=O)N[C@@H](C)C(=O)N[C@@H](CCC(=O)O)C(=O)O
186,CHEMBL1237061,8900.0,O=C([O-])C[C@H](O)C[C@H](O)/C=C/c1c(C2CC2)nc2ccccc2c1-c1ccc(F)cc1.O=C([O-])C[C@H](O)C[C@H](O)/C=C/c1c(C2CC2)nc2ccccc2c1-c1ccc(F)cc1.[Ca+2]
36,CHEMBL101600,10000.0,CCC(C)(C)C(=O)NC(c1cc(C)cc(C)c1OCC(O)C[C@@H](O)CC(=O)[O-])C1CCCCC1.[Na+]
26,CHEMBL74667,10000.0,CC(C)(O)CCCCc1cccc(/C=C/[C@]2(C)CC[C@@H](O)CC2)c1
177,CHEMBL605514,11300.0,CC(C)c1ccc(Sc2c(/C=C/[C@@H]3C[C@@H](O)CC(=O)O3)c(C3CC3)nc3ccccc23)cc1
43,CHEMBL323344,12000.0,CCC(C)(C)OC(=O)C(c1cc(C)cc(C)c1OCC(O)C[C@@H](O)CC(=O)[O-])C1CCCCC1.[Na+]
227,CHEMBL2347005,13200.0,C[C@H]1C=C2C=C[C@H](C)[C@H](CC[C@@H]3C[C@@H](O[Si](C)(C)C(C)(C)C)CC(=O)O3)[C@H]2[C@@H](OC(=O)NCCCCCCC(=O)NO)C1
223,CHEMBL2347009,14900.0,CC(C)c1nc(N(C)S(C)(=O)=O)nc(-c2ccc(F)cc2)c1/C=C/[C@@H](O)C[C@@H](O)CC(=O)NO
34,CHEMBL101600,15000.0,CCC(C)(C)C(=O)NC(c1cc(C)cc(C)c1OCC(O)C[C@@H](O)CC(=O)[O-])C1CCCCC1.[Na+]
226,CHEMBL2347006,15900.0,CC[C@H](C)C(=O)O[C@H]1C[C@@H](C)C=C2C=C[C@H](C)[C@H](CC[C@@H](O)C[C@@H](O)CC(=O)NO)[C@H]21
228,CHEMBL2347011,16100.0,C[C@H]1C=C2C=C[C@H](C)[C@H](CC[C@@H]3C[C@@H](O[Si](C)(C)C(C)(C)C)CC(=O)O3)[C@H]2[C@@H](OC(=O)NCc2ccc(-c3cn(CCCCCCC(=O)NO)nn3)cc2)C1
193,CHEMBL258999,16940.0,C[C@@H](O)[C@H](NC(=O)[C@@H]1CCCN1C(=O)[C@H](Cc1ccccc1)NC(=O)CN)C(=O)NCC(=O)NCC(=O)O
190,CHEMBL261334,19430.0,CC(C)C[C@H](NC(=O)CN)C(=O)N1CCC[C@H]1C(=O)N[C@H](C(=O)NCC(=O)NCC(=O)O)[C@@H](C)O
230,CHEMBL503,19800.0,CC[C@H](C)C(=O)O[C@H]1C[C@@H](C)C=C2C=C[C@H](C)[C@H](CC[C@@H]3C[C@@H](O)CC(=O)O3)[C@H]21
32,CHEMBL102199,20000.0,Cc1c(OCC(O)C[C@@H](O)CC(=O)[O-])c(C(c2ccc(F)cc2)c2ccc(F)cc2)cc2ccccc12.[Na+]
213,CHEMBL503,20100.0,CC[C@H](C)C(=O)O[C@H]1C[C@@H](C)C=C2C=C[C@H](C)[C@H](CC[C@@H]3C[C@@H](O)CC(=O)O3)[C@H]21
247,CHEMBL2203595,21700.0,C/C(=C\CC[C@@H](C)[C@H]1C[C@H](O)[C@@]2(C)C3=CC[C@H]4C(C)(C)C(=O)CC[C@]4(C)C3=CC[C@]12C)C(=O)O
229,CHEMBL2347010,22300.0,C[C@H]1C=C2C=C[C@H](C)[C@H](CC[C@@H]3C[C@@H](O[Si](C)(C)C(C)(C)C)CC(=O)O3)[C@H]2[C@@H](OC(=O)Nc2ccc(-c3cn(CCCCCCC(=O)NO)nn3)cc2)C1
246,CHEMBL2203597,22300.0,C/C(=C\CC[C@@H](C)[C@H]1CC[C@@]2(C)C3=C(CC[C@]12C)[C@@]1(C)CC[C@H](O)C(C)(C)[C@@H]1CC3=O)C(=O)O
191,CHEMBL412295,22310.0,CC(C)C[C@H](NC(=O)CN)C(=O)N1CCC[C@H]1C(=O)N[C@@H](CC(=O)O)C(=O)NCC(=O)NCC(=O)O
180,CHEMBL606359,25700.0,COc1ccc2nc(C3CC3)c(/C=C/[C@@H]3C[C@@H](O)CC(=O)O3)c(Sc3ccc(F)cc3)c2c1
192,CHEMBL410639,27280.0,CC(C)C[C@H](NC(=O)CN)C(=O)N1CCC[C@H]1C(=O)N[C@@H](CCC(=O)O)C(=O)NCC(=O)NCC(=O)O
212,CHEMBL486985,30200.0,CC1=CCC[C@@H]2[C@@](C)(CCC3=CC(=O)O[C@@H]3O)[C@H](C)CC[C@@]12C
286,CHEMBL5427455,36210.0,CNCCCCCn1c(-c2ncc(-c3ccc4ccccc4c3)n2CC2CCCCC2)cnc1I
285,CHEMBL5410416,38400.0,CNCCCCCn1cncc1-c1ncc(-c2ccc3ccccc3c2)n1CC1CCCCC1
283,CHEMBL5414764,40480.0,CNCCCCCn1cncc1-c1ncc(-c2ccc3ccccc3c2)n1CCCC(C)(C)C
202,CHEMBL411443,41210.0,CC(C)[C@H](NC(=O)[C@@H](N)Cc1ccc(O)cc1)C(=O)N[C@@H](C)C(=O)N[C@@H](CCC(=O)O)C(=O)O
181,CHEMBL594578,41300.0,COc1ccc2nc(C3CC3)c(/C=C/[C@@H]3C[C@@H](O)CC(=O)O3)c(Sc3ccc(C(C)C)cc3)c2c1
201,CHEMBL409841,44810.0,CC(C)[C@H](NC(=O)[C@H](C)NC(=O)[C@@H](N)Cc1ccc(O)cc1)C(=O)N[C@@H](CCC(=O)O)C(=O)O
184,CHEMBL593686,45700.0,O=C1C[C@H](O)C[C@@H](/C=C/c2c(C3CC3)nc3cc(Sc4ccc(F)cc4)c(F)cc3c2Sc2ccc(F)cc2)O1
200,CHEMBL261748,52670.0,CC[C@H](C)[C@H](N)C(=O)N[C@H](C(=O)N[C@@H](C)C(=O)N[C@@H](CCC(=O)O)C(=O)O)C(C)C
176,CHEMBL595988,62400.0,O=C1C[C@H](O)C[C@@H](/C=C/c2c(C3CC3)nc3ccccc3c2Sc2ccc(F)cc2)O1
199,CHEMBL259240,75230.0,CC[C@H](C)[C@H](N)C(=O)N[C@@H](C)C(=O)N[C@H](C(=O)N[C@@H](CCC(=O)O)C(=O)O)C(C)C
282,CHEMBL5278854,88900.0,CC(C)C[C@H](NC(=O)[C@H](Cc1ccc(O)cc1)NC(=O)[C@@H](N)CC(C)C)C(=O)N1CCC[C@H]1C(=O)N[C@@H](CCCCN)C(=O)N[C@@H](Cc1c[nH]cn1)C(=O)N[C@@H](CO)C(=O)N[C@@H](CC(=O)O)C(=O)N[C@@H](CCCNC(=N)N)C(=O)N[C@@H](CC(=O)O)C(=O)O
284,CHEMBL5418494,146800.0,CNCCCCCn1c(-c2ncc(-c3ccc4ccccc4c3)n2CCCC(C)(C)C)cnc1I
280,CHEMBL5287357,147200.0,CC[C@H](C)[C@H](NC(=O)[C@@H](N)CC(C)C)C(=O)N[C@@H](CC(C)C)C(=O)N1CCC[C@H]1C(=O)N[C@@H](CCCCN)C(=O)N[C@@H](Cc1c[nH]cn1)C(=O)N[C@@H](CO)C(=O)N[C@@H](C)C(=O)N[C@@H](CC(=O)O)C(=O)O
189,CHEMBL1163198,152190.0,CC[C@H](C)[C@H](N)C(=O)N[C@@H](C)C(=O)N[C@H](C(=O)N1CCC[C@H]1C(=O)N[C@H](C(=O)NCC(=O)N[C@H](C(=O)N[C@@H](C)C(=O)O)C(C)C)[C@@H](C)O)C(C)C
281,CHEMBL5277547,175300.0,CC(C)C[C@H](N)C(=O)N1CCC[C@H]1C(=O)N[C@@H](CCCCN)C(=O)N[C@@H](Cc1c[nH]cn1)C(=O)N[C@@H](CO)C(=O)N[C@@H](C)C(=O)N[C@@H](CC(=O)O)C(=O)O
188,CHEMBL260510,201120.0,CC[C@H](C)[C@H](N)C(=O)N[C@@H](C)C(=O)N[C@H](C(=O)N1CCC[C@H]1C(=O)NCC(=O)N[C@@H](CCC(=O)O)C(=O)N[C@H](C(=O)N[C@@H](C)C(=O)O)C(C)C)C(C)C
182,CHEMBL595754,359600.0,COc1cccc(Sc2c(/C=C/[C@@H]3C[C@@H](O)CC(=O)O3)c(C3CC3)nc3cc(F)c(F)cc23)c1
248,CHEMBL3986260,387000.0,CC[C@H](C)C(=O)O[C@H]1C[C@@H](C)[C@H](O)C2=C[C@@H](O)[C@H](C)[C@H](CC[C@@H]3CC=CC(=O)O3)[C@H]21
187,CHEMBL412060,484720.0,CC(C)C[C@H](N)C(=O)N1CCC[C@H]1C(=O)N[C@@H](Cc1ccc(O)cc1)C(=O)N1CCC[C@H]1C(=O)O
183,CHEMBL595984,759000.0,CC(C)c1ccc(Sc2c(/C=C/[C@@H]3C[C@@H](O)CC(=O)O3)c(C3CC3)nc3cc(F)c(F)cc23)cc1
